{"cameraMode":{"drawMode":0,"name":"Shaded","section":"Shading Mode"},"sceneLighting":false,"audioPlay":false,"sceneViewState":{"showFog":true,"showMaterialUpdate":true,"showSkybox":true,"showFlares":true,"showImageEffects":true,"showParticleSystems":true},"in2DMode":false,"pivot":{"x":31.040000915527345,"y":10.020000457763672,"z":14.122302055358887},"rotation":{"x":0.17137283086776734,"y":0.47231677174568179,"z":-0.09417737275362015,"w":0.8594642877578735},"size":6.222132205963135,"orthographic":false}