{"cameraMode":{"drawMode":0,"name":"Shaded","section":"Shading Mode"},"sceneLighting":true,"audioPlay":false,"sceneViewState":{"showFog":true,"showMaterialUpdate":true,"showSkybox":true,"showFlares":true,"showImageEffects":true,"showParticleSystems":true},"in2DMode":false,"pivot":{"x":9.386726379394532,"y":7.344261169433594,"z":22.819568634033204},"rotation":{"x":0.06926032900810242,"y":0.6224278807640076,"z":-0.05543777719140053,"w":0.7776331305503845},"size":184.88294982910157,"orthographic":false}